<!--****** MONITORED HOSTS ******-->
<monitored-host-system host-name="" load-generator="false" proxy-id="" uid="NeoLoad">
    <embedded-action>c20d40b0-7c62-37ca-b5ce-4731ebd66051</embedded-action>
</monitored-host-system>
<!--****** END MONITORED HOSTS ******-->
<!--****** MONITOR CONNECTIONS ******-->
<connection-system interval="1000" name="NeoLoad" server-port="0" uid="c20d40b0-7c62-37ca-b5ce-4731ebd66051">
    <monitor-category name="Default" short-display-name="Default">
        <monitor-wrapped-statistic callTime="ON_BENCH" computing="0"
            format="NUMBER" name="UserLoad" sampling="0" unit=""/>
        <monitor-wrapped-statistic callTime="ON_BENCH" computing="0"
            format="NUMBER" name="throughput" sampling="0" unit="Mb/s"/>
        <monitor-wrapped-statistic callTime="ON_BENCH" computing="0"
            format="NUMBER" name="Alerts" sampling="0" unit=""/>
        <monitor-wrapped-statistic callTime="ON_BENCH" computing="0"
            format="NUMBER" name="CriticalAlerts" sampling="0" unit=""/>
        <monitor-wrapped-statistic callTime="ON_BENCH" computing="0"
            format="NUMBER" name="WarningAlerts" sampling="0" unit=""/>
        <monitor-wrapped-statistic callTime="ON_BENCH" computing="0"
            format="NUMBER" name="cpu" sampling="0"
            threshold="68b5fa8c-c0fd-435a-8574-631039534a27" unit="%"/>
        <monitor-wrapped-statistic callTime="ON_BENCH" computing="0"
            format="NUMBER" name="memory" sampling="0"
            threshold="edacf0df-0779-4d40-a1bf-ae5a03643792" unit="%"/>
        <monitor-wrapped-statistic callTime="ON_BENCH" computing="0"
            format="NUMBER" name="memoryos" sampling="0"
            threshold="c75e2d6c-c3f7-407c-9c75-01d607c0c96f" unit="%"/>
        <monitor-wrapped-statistic callTime="ON_BENCH" computing="0"
            format="NUMBER" name="threadcount" sampling="0" unit=""/>
        <monitor-category name="Load Generator Connections" short-display-name="Load Generator Connections">
            <monitor-wrapped-statistic callTime="ON_BENCH" computing="0"
                format="NUMBER" name="connectedlg" sampling="0" unit=""/>
            <monitor-wrapped-statistic callTime="ON_BENCH" computing="0"
                format="NUMBER" name="totallgdisconnections"
                sampling="0"
                threshold="fecf8769-dfb2-4230-9c4f-468853c4474e" unit=""/>
            <monitor-wrapped-statistic callTime="ON_BENCH" computing="0"
                format="NUMBER" name="totallgreconnections" sampling="0" unit=""/>
        </monitor-category>
        <monitor-category name="Network" short-display-name="Network">
            <monitor-wrapped-statistic callTime="ON_BENCH" computing="0"
                format="NUMBER" name="otcp.NeoLoad" sampling="0" unit=""/>
            <monitor-wrapped-statistic callTime="ON_BENCH" computing="0"
                format="NUMBER" name="tcp.NeoLoad" sampling="0" unit=""/>
            <monitor-category name="wlo1 (wlo1)" short-display-name="wlo1 (wlo1)">
                <monitor-wrapped-statistic callTime="ON_BENCH"
                    computing="0" format="NUMBER"
                    name="ibytesperinterface~NeoLoad~wlo1" sampling="0" unit="Mb/s"/>
                <monitor-wrapped-statistic callTime="ON_BENCH"
                    computing="0" format="NUMBER"
                    name="obytesperinterface~NeoLoad~wlo1" sampling="0" unit="Mb/s"/>
            </monitor-category>
        </monitor-category>
        <monitor-category name="NeoLoad Web" short-display-name="NeoLoad Web">
            <monitor-wrapped-statistic callTime="ON_BENCH" computing="0"
                format="NUMBER" name="nlwebdownload" sampling="0" unit=""/>
            <monitor-wrapped-statistic callTime="ON_BENCH" computing="0"
                format="NUMBER" name="nlwebupload" sampling="0" unit=""/>
        </monitor-category>
        <monitor-wrapped-statistic callTime="ON_BENCH" computing="0"
            format="NUMBER" name="SapUserLoad" sampling="0" unit=""/>
    </monitor-category>
    <threshold enabled="true" uid="68b5fa8c-c0fd-435a-8574-631039534a27">
        <threshold-condition durationKind="SECONDS" durationNumber="15"
            operator="GREATER_THAN" severity="LOW" valueMax="Infinity" valueMin="80.0">
            <threshold-comment language="en">
                <threshold-content>Controller CPU high.</threshold-content>
            </threshold-comment>
            <threshold-comment language="fr">
                <threshold-content>CPU du Contrôleur surchargé.</threshold-content>
            </threshold-comment>
        </threshold-condition>
        <threshold-condition durationKind="SECONDS" durationNumber="15"
            operator="GREATER_THAN" severity="HIGH" valueMax="Infinity" valueMin="90.0">
            <threshold-comment language="en">
                <threshold-content>Controller CPU high.</threshold-content>
            </threshold-comment>
            <threshold-comment language="fr">
                <threshold-content>CPU du Contrôleur surchargé.</threshold-content>
            </threshold-comment>
        </threshold-condition>
    </threshold>
    <threshold enabled="true" uid="edacf0df-0779-4d40-a1bf-ae5a03643792">
        <threshold-condition durationKind="SECONDS" durationNumber="15"
            operator="GREATER_THAN" severity="LOW" valueMax="Infinity" valueMin="80.0">
            <threshold-comment language="en">
                <threshold-content>Too high amount of JVM memory used</threshold-content>
            </threshold-comment>
            <threshold-comment language="fr">
                <threshold-content>Quantité de mémoire de la JVM  en cours d'utilisation élevée</threshold-content>
            </threshold-comment>
        </threshold-condition>
        <threshold-condition durationKind="SECONDS" durationNumber="15"
            operator="GREATER_THAN" severity="HIGH" valueMax="Infinity" valueMin="90.0">
            <threshold-comment language="en">
                <threshold-content>Too high amount of JVM memory used</threshold-content>
            </threshold-comment>
            <threshold-comment language="fr">
                <threshold-content>Quantité de mémoire de la JVM  en cours d'utilisation élevée</threshold-content>
            </threshold-comment>
        </threshold-condition>
    </threshold>
    <threshold enabled="true" uid="c75e2d6c-c3f7-407c-9c75-01d607c0c96f">
        <threshold-condition durationKind="SECONDS" durationNumber="15"
            operator="GREATER_THAN" severity="LOW" valueMax="Infinity" valueMin="80.0">
            <threshold-comment language="en">
                <threshold-content>Too high amount of OS memory used</threshold-content>
            </threshold-comment>
            <threshold-comment language="fr">
                <threshold-content>Quantité de mémoire de l'OS  en cours d'utilisation élevée</threshold-content>
            </threshold-comment>
        </threshold-condition>
        <threshold-condition durationKind="SECONDS" durationNumber="15"
            operator="GREATER_THAN" severity="HIGH" valueMax="Infinity" valueMin="90.0">
            <threshold-comment language="en">
                <threshold-content>Too high amount of OS memory used</threshold-content>
            </threshold-comment>
            <threshold-comment language="fr">
                <threshold-content>Quantité de mémoire de l'OS  en cours d'utilisation élevée</threshold-content>
            </threshold-comment>
        </threshold-condition>
    </threshold>
    <threshold enabled="true" uid="fecf8769-dfb2-4230-9c4f-468853c4474e">
        <threshold-condition durationKind="NB_OF_TIMES"
            durationNumber="1" operator="GREATER_THAN" severity="LOW"
            valueMax="Infinity" valueMin="1.0">
            <threshold-comment language="en">
                <threshold-content>Load Generator Diconnected &gt;=1</threshold-content>
            </threshold-comment>
            <threshold-comment language="fr">
                <threshold-content>Injecteur  déconnecté &gt;= 1</threshold-content>
            </threshold-comment>
        </threshold-condition>
    </threshold>
</connection-system>
<!--****** END MONITOR CONNECTIONS ******-->
<!--****** DASHBOARDS  ******-->
<!--****** END DASHBOARDS  ******-->
<!--****** RESULTS GRAPH DESC TEMPLATES ******-->
<charts-templates-description name="template.customs"/>
